pixel_index,color_value
0,-9675453
1,-8953025
2,-9086151
3,-9348550
4,-9547207
5,-10334144
6,-9214911
7,-10466762
8,-9612996
9,-10664649
10,-12178134
11,-12113374
12,-12046552
13,-10992071
14,-11720156
15,-11389398
16,-11323600
17,-9675456
18,-10270408
19,-9547456
20,-13100524
21,-8361414
22,-10467787
23,-9679302
24,-9151683
25,-10599369
26,-8163770
27,-8886718
28,-10403791
29,-10203846
30,-9348545
31,-8031667
32,-7570868
33,-5532059
34,-9612234
35,-10928595
36,-10140108
37,-9877967
38,-11193559
39,-9150668
40,-9480648
41,-9748948
42,-9022408
43,-9943246
44,-8364232
45,-8495813
46,-9612745
47,-10009557
48,-10735585
49,-10469076
50,-10732497
51,-10270927
52,-11321554
53,-10139081
54,-10797009
55,-9810894
56,-10072522
57,-11983075
58,-10732245
59,-10665425
60,-10533841
61,-9745106
62,-10073039
63,-10467793
64,-11846358
65,-10926034
66,-10861264
67,-11982047
68,-11519962
69,-10538202
70,-11652059
71,-11453399
72,-11653086
73,-11523040
74,-11849437
75,-8030892
76,-10333126
77,-8822455
78,-9150405
79,-8952772
80,-10007243
81,-8953800
82,-8755133
83,-7570607
84,-8820930
85,-10599886
86,-8951473
87,-10993357
88,-9941699
89,-11720930
90,-9741759
91,-8819888
92,-9677250
93,-10138314
94,-14347249
95,-9874119
96,-9610179
97,-7310264
98,-9083320
99,-9481410
100,-9611977
101,-8359345
102,-7570862
103,-11389396
104,-8757180
105,-11193303
106,-9678534
107,-7174814
108,-6846361
109,-8951491
110,-9086152
111,-9875145
112,-10536157
113,-11654360
114,-8756165
115,-10209496
116,-7768244
117,-9745360
118,-10337492
119,-9553624
120,-8888515
121,-9747152
122,-8494282
123,-9679310
124,-9417422
125,-10204884
126,-9284038
127,-10337487
128,-10270926
129,-10007755
130,-9217223
131,-11129308
132,-11851489
133,-10141138
134,-10072273
135,-10666709
136,-10796750
137,-10403282
138,-9809353
139,-10401491
140,-11846102
141,-10927314
142,-11259870
143,-11914202
144,-11520733
145,-11192796
146,-12243424
147,-10734552
148,-11850462
149,-11653083
150,-7900862
151,-8164036
152,-9680586
153,-7571384
154,-9679562
155,-8426681
156,-9022408
157,-9482445
158,-5597851
159,-7241126
160,-7898545
161,-7635374
162,-8622258
163,-8359851
164,-10333900
165,-11654618
166,-11520979
167,-12639971
168,-12377320
169,-11849942
170,-10203843
171,-11390424
172,-10597320
173,-10334150
174,-8951229
175,-10142157
176,-9610946
177,-10337228
178,-11850460
179,-8952511
180,-8556215
181,-9875910
182,-10733787
183,-9083850
184,-11126485
185,-9940422
186,-10400459
187,-10935275
188,-11456982
189,-6517403
190,-9089744
191,-8161978
192,-10007497
193,-10206155
194,-10733783
195,-10207443
196,-9351113
197,-10273492
198,-10535126
199,-9746892
200,-10405335
201,-9348809
202,-11982046
203,-10006731
204,-11322579
205,-11260894
206,-10931416
207,-10995162
208,-11061212
209,-11716316
210,-11059154
211,-9415114
212,-10861010
213,-10399945
214,-11845843
215,-11650780
216,-11718878
217,-11518422
218,-11586777
219,-11786723
220,-11980254
221,-12244706
222,-11915998
223,-11325405
224,-11257049
225,-9416388
226,-8295103
227,-7702707
228,-9150403
229,-7900862
230,-8296382
231,-7637431
232,-7044526
233,-6189213
234,-7307950
235,-6385567
236,-7373490
237,-7832742
238,-6254233
239,-7045805
240,-8885939
241,-10927054
242,-8951731
243,-5859743
244,-9349314
245,-10202311
246,-9678019
247,-8691133
248,-10204099
249,-8885433
250,-8820154
251,-10464717
252,-9084098
253,-7833519
254,-10992072
255,-10799317
256,-10729927
257,-11322829
258,-10337998
259,-9149114
260,-7241644
261,-9480648
262,-8689853
263,-12312289
264,-11719903
265,-7438255
266,-10006731
267,-10140111
268,-9282505
269,-9281990
270,-7240618
271,-9018303
272,-10794702
273,-9618132
274,-8295873
275,-9084607
276,-10795470
277,-11192532
278,-9743820
279,-11195874
280,-10732497
281,-10534351
282,-10664144
283,-11715283
284,-9546705
285,-10666452
286,-10598096
287,-10335693
288,-10007497
289,-10664914
290,-11652318
291,-11978973
292,-10730964
293,-11915744
294,-11983077
295,-12506338
296,-11586525
297,-11784158
298,-11848155
299,-12111581
300,-8492473
301,-8427971
302,-7045800
303,-9481160
304,-5860502
305,-6451625
306,-6320541
307,-7176111
308,-8031160
309,-7043495
310,-6847144
311,-7636663
312,-12109513
313,-8029351
314,-9937090
315,-7634594
316,-7372722
317,-6781103
318,-7174830
319,-7898549
320,-7438254
321,-8359346
322,-9018558
323,-10137282
324,-10730441
325,-9547974
326,-10136009
327,-10728907
328,-9940938
329,-9740738
330,-11386067
331,-10137553
332,-10863048
333,-11717074
334,-9940679
335,-7440051
336,-10465235
337,-8560328
338,-9545928
339,-11851488
340,-11523806
341,-10138058
342,-9150929
343,-10598096
344,-9149641
345,-9153479
346,-8098482
347,-8889285
348,-9741000
349,-9873096
350,-9875915
351,-10270157
352,-10598092
353,-10071752
354,-11391708
355,-11260122
356,-10732760
357,-7900352
358,-11452374
359,-10336721
360,-11190741
361,-9020108
362,-10729678
363,-11586012
364,-11258841
365,-10733526
366,-10862038
367,-11454686
368,-11783644
369,-12047587
370,-10206936
371,-11981534
372,-12177631
373,-12311013
374,-12045534
375,-9216966
376,-8626623
377,-7504052
378,-6321057
379,-7571899
380,-7637688
381,-6583968
382,-7439802
383,-9874131
384,-8360128
385,-9610950
386,-9347271
387,-9017019
388,-9673922
389,-9345732
390,-8096173
391,-7634856
392,-8886196
393,-10335943
394,-7504567
395,-9344948
396,-7900351
397,-8030641
398,-9413572
399,-8820151
400,-10861505
401,-9083328
402,-8623809
403,-10603737
404,-11518670
405,-10201801
406,-11123406
407,-11847381
408,-10662605
409,-10005705
410,-8359351
411,-8096443
412,-8622789
413,-11125713
414,-10202060
415,-11064290
416,-11129824
417,-11785438
418,-10928084
419,-9808583
420,-8360125
421,-9149640
422,-9413071
423,-8952511
424,-11587804
425,-11193301
426,-11389908
427,-11062742
428,-10931158
429,-11324888
430,-11321303
431,-10863833
432,-10005711
433,-11846869
434,-10859984
435,-11848925
436,-11320536
437,-11058646
438,-11782621
439,-11061725
440,-10204625
441,-11192281
442,-11259100
443,-11586780
444,-11784158
445,-11849953
446,-11784928
447,-11587038
448,-11784414
449,-12835558
450,-8228793
451,-8164028
452,-7505845
453,-7835323
454,-7439286
455,-9743819
456,-7045547
457,-9807824
458,-9940686
459,-8952522
460,-10402510
461,-10005453
462,-8689090
463,-10599884
464,-10467534
465,-8425403
466,-10928337
467,-9214654
468,-9874124
469,-11189451
470,-10068166
471,-8490940
472,-8425403
473,-9149123
474,-10205380
475,-11321035
476,-10730692
477,-10793677
478,-9939916
479,-10925776
480,-11647692
481,-12110807
482,-12305363
483,-12043216
484,-11254989
485,-10596811
486,-8755146
487,-7898804
488,-11124945
489,-10795215
490,-10006983
491,-9874896
492,-10069963
493,-10071505
494,-11126225
495,-11061973
496,-9875400
497,-10270670
498,-10930387
499,-10472416
500,-10599632
501,-10798803
502,-10335944
503,-10996182
504,-10468046
505,-11518676
506,-11057881
507,-10665684
508,-11060183
509,-11059931
510,-8889042
511,-11455195
512,-11784161
513,-11454423
514,-11061465
515,-11060184
516,-11454423
517,-11785441
518,-11719392
519,-10404052
520,-11851232
521,-10471897
522,-10469336
523,-10204883
524,-12374755
525,-6781346
526,-8690372
527,-8362435
528,-8954569
529,-9218503
530,-9085381
531,-9479119
532,-9745358
533,-10138572
534,-9085129
535,-10663382
536,-10070734
537,-11125971
538,-10466254
539,-10729166
540,-10005452
541,-11844298
542,-10332617
543,-10925774
544,-11580871
545,-8820159
546,-9874119
547,-9673923
548,-10661067
549,-8884662
550,-10858950
551,-10401219
552,-11849170
553,-11780816
554,-11781581
555,-11122898
556,-12108240
557,-12240086
558,-13951466
559,-12635102
560,-12634589
561,-14739180
562,-15331312
563,-14673389
564,-12501977
565,-9608911
566,-10202840
567,-5662074
568,-4872808
569,-4610409
570,-4675948
571,-4741226
572,-4412007
573,-4214879
574,-4609896
575,-7900835
576,-10267591
577,-11254479
578,-10598353
579,-10665172
580,-10598866
581,-10533588
582,-11321049
583,-10729177
584,-10730714
585,-11321562
586,-12110556
587,-11980252
588,-11783905
589,-11718363
590,-11585760
591,-11849951
592,-12046817
593,-11653089
594,-12178148
595,-11061724
596,-10336470
597,-10798036
598,-10795987
599,-12243425
600,-8492489
601,-7966656
602,-8294588
603,-9350859
604,-9284295
605,-9743307
606,-9479371
607,-11123668
608,-10007760
609,-9743306
610,-11459815
611,-11715540
612,-10532304
613,-10401999
614,-12438219
615,-10136270
616,-11650262
617,-11254732
618,-12436175
619,-11453907
620,-9083334
621,-11190740
622,-10663107
623,-12305099
624,-9871307
625,-8293304
626,-10925513
627,-11780812
628,-11322577
629,-11845841
630,-12307161
631,-12832993
632,-16119286
633,-16119286
634,-16053493
635,-15724787
636,-15790579
637,-15593201
638,-15593201
639,-15527408
640,-15198445
641,-4017758
642,-4280673
643,-4478060
644,-4281192
645,-4675441
646,-4346474
647,-4741235
648,-4214888
649,-4017509
650,-4412521
651,-3951455
652,-4544108
653,-4149345
654,-11254739
655,-11847130
656,-12306906
657,-9743830
658,-11781344
659,-11518428
660,-12439778
661,-12439522
662,-12177120
663,-12308709
664,-11980003
665,-11980769
666,-12177632
667,-11981537
668,-12571362
669,-12309219
670,-11190487
671,-10336214
672,-10400470
673,-11518427
674,-11781336
675,-8229829
676,-8361669
677,-9019595
678,-8558276
679,-8822218
680,-9544909
681,-10662353
682,-11714770
683,-10532309
684,-11650262
685,-13361897
686,-12836584
687,-13098473
688,-12047327
689,-11388372
690,-10005710
691,-10531536
692,-10662354
693,-10464206
694,-11910598
695,-11516104
696,-11385554
697,-10003659
698,-11847119
699,-10068682
700,-10463689
701,-10727627
702,-11716054
703,-11453139
704,-12174300
705,-15790836
706,-15987956
707,-16053752
708,-15856373
709,-15725041
710,-16119287
711,-15856627
712,-15725041
713,-15724787
714,-15725041
715,-16053749
716,-5594213
717,-4806765
718,-4872819
719,-5004406
720,-5202043
721,-6912403
722,-7306902
723,-5662077
724,-4675441
725,-4148836
726,-3490905
727,-3622490
728,-3556701
729,-3754078
730,-5003626
731,-11517911
732,-14213101
733,-14804718
734,-15067631
735,-15527410
736,-12373728
737,-13162726
738,-12636646
739,-12899814
740,-12899559
741,-12833764
742,-12505058
743,-12769510
744,-12242917
745,-10663896
746,-11189978
747,-11584733
748,-11913952
749,-11782366
750,-8887752
751,-8624586
752,-8690379
753,-9941712
754,-10137296
755,-9675984
756,-9875407
757,-9413068
758,-11517912
759,-12507621
760,-9743563
761,-8689604
762,-8755393
763,-9678276
764,-11321294
765,-12442340
766,-12770792
767,-12639719
768,-13099240
769,-10071240
770,-11121863
771,-10530765
772,-11975111
773,-11521239
774,-11055818
775,-12568779
776,-10859984
777,-11845841
778,-11714008
779,-16054263
780,-15856373
781,-15856370
782,-15790580
783,-15922166
784,-15922420
785,-15922166
786,-15922166
787,-16054005
788,-16054006
789,-16053493
790,-16053750
791,-15330542
792,-5135731
793,-5595512
794,-5991040
795,-6911891
796,-7307161
797,-11583704
798,-10991059
799,-7767964
800,-5333110
801,-4872816
802,-4674664
803,-3951455
804,-3359829
805,-3556951
806,-3491158
807,-5398123
808,-15856117
809,-15921907
810,-15987956
811,-15987700
812,-15922166
813,-16053495
814,-15856627
815,-15987700
816,-15790581
817,-15922166
818,-15790582
819,-15198704
820,-12834025
821,-13950699
822,-15199218
823,-15527410
824,-15724788
825,-8953288
826,-9546955
827,-10007762
828,-9414349
829,-10532561
830,-11980507
831,-12638176
832,-11651799
833,-9545934
834,-10334927
835,-9873867
836,-9215173
837,-11257816
838,-10202317
839,-9214917
840,-9148866
841,-7703477
842,-10335184
843,-12968168
844,-12572131
845,-10463696
846,-11977934
847,-11386825
848,-11125715
849,-10662097
850,-11254997
851,-11582927
852,-11714516
853,-16119286
854,-15856628
855,-15856373
856,-15856373
857,-15790834
858,-15790580
859,-15790834
860,-15856114
861,-15988214
862,-15987959
863,-16185079
864,-16185079
865,-16185079
866,-14541542
867,-9149365
868,-9807039
869,-10991822
870,-13029596
871,-14739180
872,-14870510
873,-15330802
874,-13884646
875,-11517390
876,-9148586
877,-7240591
878,-6122110
879,-5332853
880,-4411490
881,-4016734
882,-3557212
883,-3884888
884,-13949406
885,-15461613
886,-15987700
887,-15922420
888,-16054006
889,-16119030
890,-16119286
891,-16119286
892,-16053493
893,-16185079
894,-16053493
895,-16119286
896,-16250872
897,-15987700
898,-15987959
899,-16053493
900,-9150924
901,-9874896
902,-10663637
903,-10992597
904,-13229543
905,-12113120
906,-12047587
907,-8098236
908,-9479370
909,-9808328
910,-10071243
911,-9149894
912,-9675977
913,-10927823
914,-10729166
915,-10070982
916,-9874631
917,-10531021
918,-10531795
919,-11846615
920,-12440797
921,-11783128
922,-10266827
923,-11651543
924,-11716307
925,-11849948
926,-12505304
927,-11648722
928,-15856375
929,-15922166
930,-15922166
931,-15856373
932,-15592944
933,-15790834
934,-15527662
935,-15658994
936,-15790834
937,-15790834
938,-15659248
939,-15790580
940,-16119288
941,-15987703
942,-15528435
943,-11385557
944,-9481427
945,-10664154
946,-9941461
947,-10072274
948,-10006740
949,-14739950
950,-15790580
951,-15987192
952,-15396083
953,-12896468
954,-10726078
955,-8293020
956,-5661300
957,-4740457
958,-3885664
959,-3622496
960,-4872559
961,-15461354
962,-16119286
963,-16185079
964,-16185079
965,-15921907
966,-15922420
967,-16053493
968,-16185079
969,-15987700
970,-16119286
971,-15921907
972,-15987700
973,-15921907
974,-15921907
975,-10204365
976,-9941199
977,-9874896
978,-10663380
979,-12112864
980,-11850203
981,-9215168
982,-9940171
983,-10072013
984,-10203084
985,-10201545
986,-9149893
987,-10600147
988,-9811406
989,-11715539
990,-11123413
991,-11391715
992,-10991565
993,-11254992
994,-10597329
995,-12373974
996,-13821933
997,-12835557
998,-12306646
999,-11976915
1000,-11977429
1001,-11845843
1002,-12898274
1003,-15856373
1004,-15987959
1005,-15856373
1006,-15790580
1007,-15724787
1008,-15724787
1009,-15527408
1010,-15724787
1011,-15724787
1012,-15527408
1013,-15725041
1014,-15593201
1015,-15790834
1016,-14804977
1017,-11323106
1018,-10735842
1019,-9545934
1020,-9612492
1021,-10401239
1022,-10729687
1023,-13491425
1024,-15856627
1025,-15987700
1026,-15593453
1027,-15527147
1028,-15395563
1029,-15856375
1030,-15987959
1031,-15791608
1032,-10990539
1033,-7044496
1034,-4938864
1035,-3556701
1036,-6187910
1037,-15987700
1038,-16053495
1039,-15987700
1040,-16185336
1041,-15987700
1042,-15987700
1043,-15987700
1044,-16053493
1045,-15987957
1046,-15921907
1047,-15790321
1048,-15856114
1049,-15790321
1050,-10532562
1051,-10204115
1052,-11584213
1053,-11454680
1054,-11915742
1055,-9941710
1056,-10203599
1057,-8163000
1058,-9676237
1059,-8820929
1060,-10401737
1061,-10927316
1062,-11254991
1063,-12241882
1064,-10859727
1065,-12505307
1066,-11391199
1067,-11782361
1068,-11189199
1069,-10991057
1070,-11386068
1071,-13031648
1072,-13296361
1073,-12240853
1074,-12109781
1075,-12635865
1076,-11386066
1077,-15921908
1078,-15790835
1079,-15856373
1080,-15724788
1081,-15724788
1082,-15527408
1083,-15330029
1084,-15659249
1085,-15658994
1086,-15658994
1087,-15659248
1088,-15527408
1089,-15856627
1090,-15724787
1091,-15790834
1092,-15922167
1093,-10861272
1094,-12108761
1095,-9678551
1096,-10865631
1097,-11584981
1098,-15724787
1099,-15856883
1100,-15856627
1101,-15593455
1102,-15593455
1103,-15461867
1104,-15658991
1105,-15593453
1106,-15527662
1107,-15790580
1108,-15922168
1109,-15068916
1110,-4543856
1111,-3885666
1112,-6844288
1113,-15921907
1114,-15987959
1115,-15921907
1116,-16250872
1117,-16119286
1118,-16053491
1119,-15987700
1120,-15856114
1121,-15921907
1122,-15921907
1123,-15856114
1124,-15856114
1125,-10994641
1126,-10334930
1127,-11583704
1128,-11454424
1129,-12245219
1130,-9874894
1131,-10138066
1132,-8558014
1133,-9939403
1134,-9875917
1135,-11254486
1136,-10530765
1137,-11652314
1138,-11846358
1139,-12307931
1140,-13029860
1141,-12438230
1142,-12900326
1143,-12371152
1144,-12307932
1145,-12174806
1146,-11254998
1147,-13230826
1148,-12702940
1149,-12632787
1150,-12174290
1151,-11911642
1152,-16053749
1153,-15922166
1154,-15593201
1155,-15856627
1156,-15724787
1157,-15527408
1158,-15461615
1159,-15330029
1160,-15395565
1161,-15527408
1162,-15527662
1163,-15725041
1164,-15593453
1165,-15790834
1166,-15527408
1167,-15725041
1168,-15856116
1169,-15724789
1170,-12830684
1171,-11314317
1172,-6777982
1173,-15395815
1174,-1381396
1175,-14671059
1176,-15659248
1177,-15527661
1178,-15725041
1179,-15658994
1180,-15593454
1181,-15461869
1182,-15264490
1183,-15856627
1184,-15790069
1185,-4609648
1186,-3754074
1187,-4806251
1188,-15066598
1189,-15987698
1190,-16119286
1191,-15987700
1192,-16053493
1193,-16119286
1194,-15724528
1195,-15987700
1196,-15856114
1197,-15724528
1198,-15724526
1199,-15790319
1200,-10006733
1201,-10531793
1202,-11846619
1203,-10729688
1204,-11718104
1205,-10795478
1206,-10334675
1207,-9346755
1208,-8623547
1209,-11255252
1210,-12043731
1211,-12635614
1212,-15067887
1213,-12832224
1214,-11912402
1215,-14936819
1216,-12767453
1217,-3686989
1218,-12571104
1219,-12439005
1220,-12569819
1221,-11254228
1222,-12836584
1223,-12965084
1224,-12108498
1225,-10926034
1226,-4937055
1227,-4607578
1228,-4739164
1229,-4739419
1230,-4937836
1231,-15330029
1232,-15658994
1233,-15724787
1234,-15395822
1235,-15396076
1236,-15461615
1237,-15461869
1238,-15461869
1239,-15725041
1240,-15461869
1241,-15593455
1242,-15527660
1243,-15725041
1244,-15724787
1245,-15790580
1246,-15790580
1247,-15790834
1248,-13684684
1249,-13553868
1250,-15198186
1251,-7896707
1252,-15461869
1253,-15659248
1254,-15659248
1255,-15725041
1256,-15725041
1257,-15725039
1258,-15658993
1259,-15922420
1260,-5267576
1261,-4148836
1262,-4149088
1263,-9476012
1264,-15592940
1265,-16119286
1266,-16119799
1267,-15921907
1268,-16185079
1269,-15987700
1270,-15921907
1271,-15790834
1272,-15856114
1273,-16185079
1274,-15856113
1275,-10532820
1276,-11125464
1277,-10400980
1278,-12308189
1279,-9412807
1280,-7242165
1281,-10731220
1282,-10728658
1283,-11320533
1284,-12570332
1285,-14278890
1286,-15921655
1287,-15462387
1288,-14147561
1289,-11781334
1290,-5792883
1291,-4543847
1292,-3753813
1293,-4609893
1294,-3952999
1295,-12832473
1296,-12571615
1297,-12438230
1298,-12437206
1299,-11320789
1300,-10070216
1301,-4870752
1302,-5266023
1303,-4871776
1304,-5266020
1305,-4739418
1306,-4475992
1307,-15264236
1308,-15593201
1309,-15461615
1310,-15658993
1311,-15527408
1312,-15396076
1313,-15461614
1314,-15725041
1315,-15659248
1316,-15593455
1317,-15659248
1318,-15725041
1319,-15527662
1320,-15724787
1321,-15724787
1322,-15790834
1323,-15659248
1324,-14672609
1325,-15394537
1326,-15724528
1327,-9542042
1328,-15921907
1329,-15724528
1330,-15856114
1331,-15593454
1332,-15659248
1333,-15790834
1334,-15659248
1335,-7768215
1336,-6122887
1337,-3688538
1338,-5399925
1339,-15856117
1340,-16119287
1341,-15921907
1342,-15856114
1343,-15987700
1344,-15987702
1345,-16119286
1346,-15921907
1347,-15856114
1348,-15988213
1349,-15856114
1350,-9085126
1351,-10928086
1352,-10597846
1353,-11781593
1354,-10862289
1355,-8821702
1356,-11388121
1357,-11650259
1358,-10927314
1359,-13096935
1360,-13357020
1361,-15133423
1362,-15067634
1363,-10071242
1364,-5530992
1365,-4807536
1366,-7110526
1367,-4281960
1368,-4874350
1369,-4807790
1370,-4083296
1371,-4017245
1372,-12570848
1373,-11912145
1374,-11189732
1375,-5725810
1376,-5068129
1377,-5529709
1378,-4805986
1379,-4871263
1380,-4542814
1381,-4673883
1382,-4673885
1383,-14278884
1384,-15395822
1385,-15856627
1386,-15659248
1387,-15593455
1388,-15593455
1389,-15725041
1390,-15725041
1391,-15659248
1392,-15725041
1393,-15725041
1394,-15527408
1395,-15725041
1396,-15527662
1397,-15593455
1398,-15790834
1399,-15198184
1400,-2237222
1401,-15856114
1402,-16052983
1403,-13158858
1404,-15856114
1405,-15790321
1406,-15921907
1407,-15790834
1408,-15725041
1409,-15856627
1410,-15527147
1411,-5992591
1412,-5531259
1413,-5072759
1414,-5466242
1415,-15658730
1416,-15988213
1417,-16053493
1418,-16119286
1419,-16119286
1420,-15987700
1421,-15921907
1422,-15856114
1423,-15987700
1424,-16119286
1425,-11979739
1426,-8952772
1427,-10072273
1428,-11190230
1429,-9281738
1430,-11518676
1431,-9743048
1432,-10991570
1433,-11254739
1434,-13228004
1435,-14804717
1436,-15528180
1437,-14740719
1438,-6584217
1439,-4544609
1440,-5926536
1441,-12895931
1442,-4479596
1443,-4676972
1444,-4808053
1445,-5793396
1446,-5004398
1447,-5003626
1448,-3555153
1449,-3884633
1450,-4607068
1451,-4344667
1452,-4805986
1453,-4937572
1454,-4279126
1455,-4213851
1456,-4542043
1457,-4936804
1458,-5463665
1459,-8097205
1460,-15330031
1461,-15527408
1462,-15922420
1463,-15922420
1464,-15659248
1465,-15725041
1466,-15790834
1467,-15592942
1468,-15725041
1469,-15593455
1470,-15527660
1471,-15461356
1472,-15593201
1473,-15593201
1474,-15396076
1475,-15462385
1476,-15790321
1477,-15987700
1478,-9343409
1479,-15790834
1480,-15790834
1481,-15987957
1482,-15461356
1483,-15856112
1484,-15593455
1485,-15527151
1486,-4149346
1487,-15659764
1488,-5204341
1489,-7108996
1490,-15395561
1491,-16119286
1492,-16119286
1493,-16119286
1494,-16119286
1495,-15987700
1496,-15856114
1497,-16053493
1498,-15987700
1499,-16119286
1500,-9809105
1501,-9479624
1502,-9676747
1503,-11520476
1504,-9480138
1505,-10401489
1506,-10267854
1507,-10202829
1508,-11979994
1509,-13753320
1510,-15133422
1511,-13620961
1512,-12700117
1513,-10532315
1514,-5136493
1515,-5004909
1516,-5201785
1517,-4017759
1518,-5400705
1519,-4084064
1520,-5996684
1521,-5070702
1522,-4280925
1523,-6516605
1524,-3950681
1525,-4213600
1526,-3752281
1527,-4147029
1528,-4476505
1529,-4280157
1530,-3884884
1531,-4015954
1532,-4213081
1533,-4936545
1534,-5266291
1535,-6649241
1536,-13556452
1537,-15461615
1538,-15790833
1539,-16054006
1540,-15988213
1541,-15856627
1542,-15593455
1543,-15461869
1544,-15725041
1545,-15395822
1546,-15461615
1547,-15527662
1548,-15659248
1549,-15527662
1550,-15395814
1551,-15461865
1552,-15856114
1553,-15790321
1554,-15131614
1555,-16053491
1556,-16053493
1557,-15921907
1558,-15922420
1559,-15658735
1560,-15592945
1561,-3756127
1562,-5993606
1563,-5137522
1564,-6583951
1565,-15133682
1566,-16119286
1567,-15987700
1568,-16053493
1569,-15987700
1570,-16053493
1571,-15856114
1572,-16053493
1573,-16053493
1574,-16119286
1575,-8821705
1576,-9414601
1577,-9151181
1578,-10202832
1579,-12310499
1580,-8295111
1581,-10993108
1582,-10268622
1583,-12439516
1584,-13226722
1585,-15330801
1586,-14805231
1587,-12963542
1588,-9874127
1589,-5136495
1590,-6452102
1591,-8821679
1592,-9152184
1593,-7837089
1594,-7969973
1595,-6718607
1596,-6188152
1597,-5003878
1598,-7700878
1599,-5595506
1600,-4082012
1601,-7507340
1602,-5465191
1603,-5267575
1604,-4608868
1605,-4082524
1606,-4279128
1607,-4542300
1608,-4410199
1609,-4278100
1610,-9409706
1611,-15592940
1612,-15856116
1613,-16053752
1614,-15988213
1615,-16054006
1616,-15922420
1617,-15659248
1618,-15659248
1619,-15856627
1620,-15659248
1621,-15659248
1622,-15659248
1623,-15725041
1624,-15725041
1625,-15461354
1626,-2765122
1627,-15659766
1628,-15724528
1629,-13818085
1630,-16185338
1631,-11055314
1632,-15856627
1633,-15856627
1634,-15659248
1635,-15724528
1636,-4349289
1637,-3031371
1638,-4084583
1639,-10333380
1640,-11252671
1641,-16119286
1642,-15988213
1643,-15921907
1644,-16053493
1645,-16119286
1646,-15987700
1647,-16053493
1648,-15987700
1649,-16250872
1650,-10270418
1651,-9021125
1652,-9676497
1653,-10335446
1654,-9282505
1655,-10468306
1656,-10401487
1657,-9874894
1658,-12372700
1659,-14476526
1660,-15725559
1661,-15396339
1662,-15133422
1663,-7111320
1664,-5662837
1665,-7176080
1666,-6261658
1667,-5992831
1668,-6518405
1669,-7241616
1670,-8360090
1671,-9543082
1672,-8883866
1673,-10003642
1674,-5135212
1675,-4213858
1676,-4148318
1677,-4542816
1678,-4279644
1679,-4543329
1680,-4740706
1681,-4674400
1682,-4673886
1683,-4607579
1684,-15395563
1685,-15395822
1686,-15725041
1687,-15724787
1688,-15987959
1689,-16119799
1690,-15988213
1691,-16119286
1692,-15724787
1693,-15659248
1694,-15922420
1695,-15856627
1696,-15725041
1697,-15659248
1698,-15856373
1699,-15592942
1700,-15856112
1701,-16251122
1702,-15856627
1703,-15987441
1704,-10658997
1705,-16119286
1706,-16054006
1707,-15593455
1708,-15527408
1709,-15527149
1710,-15790321
1711,-14673128
1712,-3359821
1713,-4216420
1714,-6715787
1715,-13031651
1716,-16185079
1717,-15988213
1718,-15987959
1719,-16053493
1720,-16053493
1721,-16119286
1722,-16053493
1723,-16119286
1724,-16185079
1725,-9281987
1726,-9612244
1727,-9348300
1728,-10532823
1729,-9478855
1730,-10863317
1731,-11452888
1732,-11982047
1733,-11782615
1734,-14212844
1735,-16053752
1736,-15396594
1737,-15330546
1738,-10728138
1739,-8095119
1740,-5004656
1741,-13224636
1742,-5663099
1743,-5926269
1744,-6716555
1745,-5991026
1746,-7833496
1747,-11847126
1748,-8623012
1749,-6647939
1750,-4739176
1751,-5528943
1752,-4805220
1753,-4411230
1754,-4741476
1755,-4741222
1756,-4674400
1757,-5791601
1758,-15395822
1759,-15593455
1760,-15593455
1761,-15790580
1762,-15790834
1763,-15790580
1764,-15725041
1765,-15988213
1766,-15987700
1767,-16119799
1768,-15856627
1769,-15856627
1770,-15790834
1771,-15725041
1772,-15856627
1773,-15922420
1774,-15658735
1775,-15593452
1776,-15987698
1777,-15987700
1778,-13289929
1779,-15724530
1780,-15790834
1781,-15856627
1782,-15725041
1783,-15527410
1784,-15658994
1785,-15658994
1786,-3820382
1787,-3425622
1788,-5203316
1789,-14937073
1790,-15921907
1791,-15856625
1792,-15988213
1793,-15987700
1794,-15987700
1795,-16119286
1796,-15987700
1797,-15987700
1798,-16119286
1799,-16053493
1800,-9676488
1801,-8954314
1802,-9348550
1803,-12966112
1804,-11189197
1805,-9018565
1806,-10467282
1807,-10531796
1808,-11977427
1809,-12767970
1810,-16053752
1811,-15528180
1812,-16185081
1813,-15987959
1814,-10726587
1815,-11517904
1816,-9281460
1817,-8295586
1818,-9151665
1819,-10926537
1820,-11057865
1821,-13623782
1822,-10859977
1823,-8489629
1824,-7700882
1825,-9807043
1826,-5133930
1827,-5002597
1828,-5201259
1829,-4938085
1830,-4543329
1831,-10987430
1832,-15395822
1833,-15659248
1834,-15527662
1835,-15593455
1836,-15725041
1837,-15725041
1838,-15593201
1839,-15593455
1840,-15724787
1841,-15987700
1842,-15790069
1843,-15856627
1844,-15988213
1845,-15856627
1846,-15921907
1847,-15856627
1848,-15988213
1849,-15658735
1850,-5393217
1851,-15856114
1852,-15987700
1853,-5591895
1854,-15856373
1855,-15658996
1856,-15593455
1857,-15396076
1858,-15461615
1859,-15593201
1860,-12236732
1861,-3360084
1862,-4214881
1863,-8820901
1864,-15067629
1865,-16053493
1866,-16053493
1867,-15856373
1868,-16053493
1869,-16053493
1870,-16053493
1871,-15987700
1872,-15659248
1873,-16119286
1874,-15987700
1875,-9875148
1876,-9347786
1877,-10202829
1878,-11386831
1879,-10070218
1880,-9413062
1881,-10006227
1882,-9675723
1883,-11387604
1884,-11850208
1885,-15660023
1886,-16250874
1887,-16185338
1888,-16250872
1889,-15462645
1890,-14608367
1891,-13884903
1892,-15594230
1893,-15660023
1894,-15660023
1895,-13950439
1896,-13228519
1897,-13162728
1898,-14148075
1899,-12834013
1900,-10070218
1901,-5462635
1902,-5857906
1903,-5332330
1904,-4674400
1905,-11779276
1906,-15659246
1907,-15790580
1908,-15856627
1909,-15725041
1910,-15725041
1911,-15659248
1912,-15527662
1913,-15658994
1914,-15593455
1915,-15725041
1916,-15790834
1917,-15790834
1918,-15856373
1919,-15987700
1920,-15988213
1921,-15856627
1922,-15921907
1923,-15921907
1924,-15790834
1925,-16184827
1926,-15921907
1927,-15920878
1928,-15921909
1929,-15790069
1930,-15724789
1931,-15790834
1932,-15790323
1933,-15724787
1934,-15856373
1935,-4609648
1936,-3951716
1937,-5596795
1938,-10726077
1939,-15856366
1940,-16119799
1941,-15921907
1942,-15856373
1943,-15724787
1944,-16119286
1945,-15921909
1946,-16053493
1947,-16185079
1948,-16119286
1949,-15987700
1950,-9281987
1951,-8559303
1952,-10662603
1953,-12112863
1954,-9610445
1955,-10400462
1956,-10270415
1957,-10466003
1958,-10532559
1959,-11715029
1960,-12635357
1961,-15003125
1962,-16250872
1963,-16185340
1964,-16316665
1965,-16185079
1966,-16119545
1967,-15725559
1968,-15659766
1969,-12572644
1970,-12503773
1971,-12108243
1972,-11846615
1973,-11911381
1974,-12107738
1975,-12502999
1976,-6976134
1977,-5528943
1978,-5068642
1979,-15856627
1980,-15856627
1981,-15922420
1982,-15922420
1983,-15988213
1984,-15922166
1985,-15856627
1986,-15856627
1987,-15725041
1988,-15725041
1989,-15659248
1990,-15856114
1991,-15856627
1992,-15922420
1993,-15988213
1994,-15988213
1995,-15988213
1996,-16054006
1997,-15922420
1998,-15330029
1999,-7961485
2000,-16053493
2001,-14737884
2002,-15923188
2003,-15922420
2004,-15987700
2005,-15790580
2006,-15658994
2007,-15790580
2008,-15790580
2009,-15856627
2010,-4807285
2011,-3623001
2012,-6649482
2013,-13161697
2014,-16053495
2015,-16119799
2016,-16119286
2017,-15988213
2018,-15921907
2019,-15921907
2020,-15987700
2021,-15987700
2022,-15988213
2023,-16053493
2024,-15987700
2025,-9281478
2026,-9349063
2027,-10860496
2028,-11519956
2029,-9940170
2030,-10137801
2031,-10139340
2032,-9150144
2033,-11189459
2034,-11056849
2035,-12111580
2036,-13098475
2037,-12508911
2038,-13491691
2039,-13818340
2040,-15658997
2041,-13951464
2042,-12373213
2043,-12044247
2044,-12109013
2045,-11914202
2046,-11583706
2047,-12042965
2048,-11517652
2049,-11779797
2050,-11779794
2051,-9607344
2052,-16316924
2053,-16250874
2054,-15987700
2055,-16053493
2056,-16185079
2057,-16185081
2058,-15988213
2059,-15988213
2060,-15988213
2061,-15922420
2062,-15856627
2063,-15856627
2064,-15790580
2065,-15987959
2066,-15988213
2067,-16054006
2068,-16119286
2069,-16119799
2070,-16053752
2071,-15988213
2072,-15922166
2073,-2105880
2074,-16053234
2075,-12830139
2076,-15593194
2077,-15856373
2078,-15790580
2079,-15790580
2080,-15658994
2081,-15658996
2082,-15856627
2083,-15724787
2084,-12962500
2085,-3951970
2086,-4412006
2087,-9347507
2088,-15922166
2089,-16185079
2090,-16119286
2091,-15988213
2092,-15987700
2093,-15922420
2094,-15922420
2095,-16053493
2096,-15987700
2097,-15987702
2098,-15856112
2099,-15856114
2100,-9742540
2101,-9216966
2102,-11584215
2103,-11913431
2104,-11255504
2105,-9677515
2106,-9808073
2107,-10665685
2108,-10270416
2109,-11978967
2110,-10335698
2111,-11649750
2112,-12176603
2113,-12306392
2114,-12636384
2115,-12572131
2116,-12306650
2117,-11912408
2118,-11715029
2119,-11518165
2120,-11914453
2121,-10398930
2122,-12702429
2123,-10728659
2124,-11124436
2125,-10531280
2126,-15790580
2127,-16053752
2128,-15856116
2129,-15988213
2130,-15987959
2131,-16054006
2132,-15922166
2133,-16054006
2134,-16119799
2135,-16053493
2136,-16119284
2137,-16053493
2138,-15987959
2139,-16119545
2140,-16053495
2141,-16119288
2142,-16185079
2143,-16119288
2144,-16250872
2145,-16185079
2146,-16776704
2147,-11715549
2148,-12498872
2149,-9216204
2150,-15987702
2151,-15987959
2152,-15922166
2153,-15856373
2154,-15922166
2155,-15856373
2156,-15658994
2157,-14935264
2158,-3951709
2159,-3951970
2160,-4938604
2161,-8031134
2162,-13424869
2163,-16054006
2164,-16054006
2165,-15987959
2166,-15724787
2167,-15988213
2168,-15987700
2169,-15988213
2170,-16054006
2171,-15790834
2172,-15987700
2173,-15856114
2174,-15987700
2175,-8954821
2176,-9744074
2177,-10927057
2178,-11847382
2179,-12308957
2180,-11847377
2181,-9939919
2182,-9347530
2183,-9808333
2184,-10663891
2185,-9675974
2186,-10925522
2187,-11058643
2188,-11716569
2189,-10861009
2190,-11650004
2191,-11386327
2192,-11518674
2193,-11519192
2194,-12110811
2195,-11058132
2196,-12175831
2197,-10795220
2198,-10795477
2199,-10005965
2200,-10861010
2201,-11978201
2202,-16250872
2203,-16054006
2204,-16054006
2205,-15988213
2206,-16119286
2207,-16054006
2208,-15988213
2209,-16119799
2210,-16054006
2211,-16054006
2212,-16119286
2213,-16119545
2214,-16185592
2215,-16119288
2216,-16054006
2217,-15001583
2218,-12177377
2219,-11392996
2220,-12440294
2221,-12768232
2222,-16250359
2223,-16119286
2224,-16119799
2225,-15922166
2226,-16185081
2227,-15922166
2228,-15856375
2229,-13619932
2230,-3423817
2231,-3950938
2232,-4214364
2233,-4543846
2234,-6057084
2235,-8162720
2236,-11649490
2237,-16053495
2238,-16250872
2239,-15922166
2240,-15856373
2241,-15724787
2242,-15922166
2243,-15922420
2244,-15922166
2245,-15987959
2246,-15988213
2247,-15921907
2248,-16119286
2249,-15856373
2250,-9544899
2251,-10072781
2252,-9610952
2253,-11650261
2254,-10467793
2255,-12177373
2256,-12505309
2257,-11254989
2258,-9151180
2259,-9873867
2260,-10532046
2261,-10334928
2262,-10466771
2263,-11583956
2264,-10400973
2265,-11254998
2266,-10071246
2267,-10202831
2268,-10334415
2269,-10794193
2270,-11715540
2271,-12241886
2272,-10335698
2273,-10865114
2274,-10728655
2275,-11387604
2276,-11649497
2277,-15987959
2278,-16185081
2279,-16185079
2280,-16119286
2281,-15988213
2282,-16053493
2283,-16119799
2284,-16119799
2285,-16119286
2286,-16250872
2287,-16250872
2288,-16250872
2289,-16185079
2290,-16185079
2291,-13754349
2292,-12767717
2293,-12506085
2294,-11850211
2295,-12374501
2296,-11850980
2297,-12308708
2298,-16119286
2299,-16054006
2300,-15987961
2301,-12501968
2302,-4081739
2303,-3687505
2304,-3885913
2305,-4280155
2306,-4740706
2307,-5266541
2308,-6451326
2309,-9215661
2310,-14017517
2311,-16054006
2312,-16185079
2313,-15987700
2314,-15922166
2315,-16185079
2316,-16119288
2317,-15922420
2318,-15921907
2319,-16185079
2320,-16185079
2321,-16053493
2322,-15987700
2323,-16054006
2324,-16054006
2325,-9349062
2326,-9545159
2327,-8821956
2328,-10666705
2329,-10005965
2330,-10663632
2331,-9810378
2332,-11255251
2333,-11057614
2334,-9019084
2335,-9414091
2336,-9545931
2337,-10005452
2338,-9413066
2339,-10072526
2340,-9742540
2341,-10073038
2342,-9742031
2343,-11058641
2344,-10861013
2345,-10729427
2346,-10071758
2347,-9809354
2348,-9413325
2349,-10137545
2350,-11517913
2351,-10334417
2352,-12635363
2353,-16185079
2354,-16119286
2355,-16053493
2356,-15856375
2357,-16250872
2358,-16250872
2359,-16250872
2360,-16250872
2361,-16250872
2362,-16185079
2363,-16185079
2364,-16054006
2365,-16119545
2366,-15528176
2367,-4805212
2368,-4214109
2369,-5001311
2370,-6252143
2371,-10531797
2372,-12965607
2373,-12965350
2374,-11381938
2375,-4214110
2376,-4214362
2377,-4083292
2378,-4345949
2379,-4477532
2380,-4741224
2381,-5727092
2382,-7438997
2383,-11583179
2384,-15396595
2385,-15988213
2386,-16119288
2387,-15987702
2388,-15856116
2389,-16054006
2390,-16053752
2391,-15987959
2392,-15988213
2393,-16185079
2394,-16119286
2395,-16119286
2396,-16054006
2397,-15987700
2398,-15988213
2399,-15987700
2400,-9217217
2401,-9348554
2402,-9546952
2403,-9150153
2404,-9940938
2405,-10204108
2406,-9545929
2407,-11912148
2408,-12046300
2409,-11980507
2410,-8690380
2411,-9151180
2412,-9151181
2413,-11257301
2414,-9479884
2415,-9677517
2416,-11584986
2417,-12177886
2418,-11781846
2419,-10268624
2420,-9874126
2421,-9876171
2422,-9743308
2423,-9807822
2424,-10268624
2425,-10071754
2426,-9347530
2427,-11714263
2428,-16185081
2429,-16119286
2430,-15988213
2431,-16054006
2432,-16053493
2433,-16053495
2434,-15987700
2435,-16185079
2436,-16119286
2437,-16053493
2438,-15922166
2439,-15921909
2440,-15922420
2441,-15330031
2442,-3818575
2443,-4345688
2444,-4148310
2445,-3885138
2446,-4016470
2447,-4871780
2448,-4872294
2449,-4478052
2450,-4346466
2451,-4478053
2452,-4675431
2453,-4675432
2454,-5333362
2455,-7569553
2456,-10266304
2457,-13623529
2458,-15528180
2459,-16185079
2460,-16053495
2461,-16053495
2462,-15922166
2463,-16119288
2464,-16053495
2465,-16054006
2466,-16053752
2467,-16185081
2468,-16053493
2469,-16185079
2470,-16119799
2471,-16054006
2472,-16119286
2473,-16053493
2474,-16053493
2475,-8491710
2476,-9545162
2477,-10007754
2478,-9019335
2479,-9283272
2480,-9282759
2481,-9545931
2482,-10202832
2483,-10203859
2484,-12308188
2485,-12045788
2486,-11914202
2487,-11452628
2488,-11320785
2489,-12046045
2490,-12112863
2491,-12441056
2492,-12440544
2493,-10532307
2494,-9678027
2495,-10137038
2496,-9084358
2497,-9676749
2498,-9281476
2499,-9281479
2500,-10203340
2501,-9679306
2502,-10334669
2503,-13031139
2504,-16250872
2505,-16053493
2506,-15988213
2507,-16119286
2508,-15921907
2509,-15987700
2510,-15790834
2511,-15856114
2512,-16054006
2513,-15790323
2514,-15725041
2515,-15527662
2516,-12436162
2517,-4214362
2518,-4411743
2519,-4346466
2520,-4016985
2521,-3885138
2522,-4082517
2523,-4412006
2524,-4346728
2525,-4412521
2526,-4938350
2527,-5662839
2528,-7898516
2529,-10466252
2530,-13097705
2531,-14739438
2532,-15987959
2533,-16053493
2534,-16119288
2535,-16054006
2536,-16185079
2537,-16053493
2538,-15856373
2539,-15987959
2540,-16054006
2541,-16185079
2542,-16185081
2543,-16185079
2544,-16185079
2545,-16119286
2546,-15987700
2547,-15921907
2548,-15987959
2549,-15988213
2550,-8097984
2551,-9611205
2552,-9151939
2553,-8888003
2554,-9745099
2555,-9873864
2556,-9875405
2557,-9546442
2558,-9677515
2559,-9611469
2560,-10401487
2561,-11189459
2562,-10466767
2563,-10795981
2564,-10138832
2565,-10401491
2566,-10400723
2567,-10335694
2568,-9545937
2569,-10073039
2570,-9414091
2571,-8886469
2572,-9019082
2573,-8558525
2574,-8361146
2575,-9149116
2576,-10269387
2577,-10859981
2578,-11123668
2579,-13819884
2580,-16119286
2581,-16250872
2582,-16185592
2583,-15921907
2584,-15922420
2585,-16185079
2586,-16119286
2587,-15922420
2588,-16053493
2589,-15988213
2590,-16053495
2591,-10266806
2592,-5465205
2593,-5267826
2594,-5531002
2595,-4741483
2596,-4543846
2597,-4807275
2598,-5531002
2599,-6716307
2600,-8031134
2601,-9939908
2602,-11913173
2603,-13886957
2604,-14543085
2605,-15527410
2606,-15987959
2607,-15922420
2608,-15922166
2609,-15922420
2610,-16054006
2611,-16185079
2612,-16119288
2613,-16119799
2614,-16119286
2615,-16053493
2616,-16053493
2617,-15594228
2618,-15527925
2619,-15528180
2620,-15527668
2621,-15724789
2622,-15528180
2623,-15856375
2624,-15593201
2625,-8558263
2626,-8952515
2627,-9281736
2628,-8164033
2629,-9941451
2630,-9478082
2631,-9348291
2632,-9676487
2633,-9150921
2634,-9546442
2635,-9546190
2636,-9611981
2637,-10071756
2638,-9285832
2639,-9611723
2640,-9479116
2641,-9941709
2642,-8889541
2643,-9809101
2644,-10006993
2645,-8623810
2646,-9281479
2647,-8426945
2648,-8821188
2649,-9084360
2650,-9085635
2651,-10272205
2652,-9810376
2653,-11389140
2654,-11057109
2655,-12700895
2656,-15593202
2657,-16185079
2658,-16119799
2659,-16185079
2660,-16250872
2661,-16119799
2662,-16119799
2663,-16185079
2664,-16185079
2665,-15133679
2666,-10597324
2667,-9346994
2668,-8887213
2669,-8755887
2670,-8690096
2671,-9283261
2672,-12242653
2673,-13820910
2674,-14083566
2675,-14411758
2676,-14345967
2677,-13951724
2678,-14608626
2679,-14674160
2680,-14542572
2681,-15068657
2682,-14936302
2683,-15067887
2684,-15067630
2685,-15133167
2686,-15199473
2687,-15199216
2688,-15331059
2689,-15330546
2690,-15462387
2691,-15330802
2692,-15396594
2693,-15330546
2694,-15331058
2695,-15462387
2696,-15462387
2697,-15462387
2698,-15462387
2699,-15396594
2700,-8624062
2701,-9417679
2702,-8952774
2703,-9149893
2704,-9546189
2705,-8427460
2706,-8690119
2707,-9546443
2708,-9281740
2709,-9085387
2710,-9019337
2711,-9613515
2712,-9611980
2713,-9874124
2714,-9614284
2715,-9809613
2716,-8690121
2717,-9545675
2718,-8294592
2719,-9085387
2720,-8492739
2721,-7242932
2722,-7440062
2723,-8031935
2724,-8886720
2725,-9611207
2726,-8430031
2727,-11124686
2728,-11124436
2729,-11188946
2730,-11057370
2731,-12043482
2732,-13819371
2733,-15922167
2734,-16251385
2735,-16185081
2736,-15856117
2737,-16119288
2738,-16054006
2739,-15790326
2740,-14147820
2741,-13556971
2742,-13951210
2743,-13885933
2744,-14017517
2745,-14214638
2746,-14345711
2747,-14017260
2748,-14477294
2749,-14083052
2750,-14213868
2751,-14411501
2752,-14608367
2753,-14411501
2754,-14542574
2755,-14674671
2756,-14082282
2757,-14542061
2758,-14739438
2759,-14738668
2760,-14804717
2761,-15068657
2762,-15067887
2763,-15067887
2764,-15002094
2765,-14805231
2766,-14476268
2767,-15265266
2768,-15264753
2769,-15133680
2770,-15528180
2771,-15593973
2772,-15462387
2773,-15593973
2774,-15396852
2775,-9152454
2776,-8692421
2777,-9416645
2778,-9478852
2779,-6650276
2780,-7242934
2781,-6386326
2782,-10142161
2783,-8759751
2784,-8887239
2785,-8952770
2786,-8426698
2787,-9150410
2788,-8493509
2789,-9745354
2790,-8491967
2791,-8690118
2792,-7834039
2793,-8953542
2794,-7110572
2795,-8558784
2796,-7571900
2797,-7111349
2798,-8953799
2799,-10402505
2800,-9219785
2801,-10466512
2802,-10663892
2803,-8556463
2804,-10993361
2805,-10467795
2806,-11189208
2807,-10860760
2808,-11191771
2809,-11453401
2810,-12240859
2811,-12372190
2812,-12964579
2813,-12767715
2814,-12899046
2815,-12636129
2816,-13755115
2817,-13886701
2818,-14149103
2819,-14674158
2820,-14083052
2821,-14280942
2822,-14280429
2823,-14674671
2824,-14674158
2825,-14017260
2826,-14477039
2827,-14477040
2828,-14345708
2829,-14543087
2830,-14345454
2831,-14805231
2832,-14673901
2833,-14410990
2834,-14213611
2835,-14279404
2836,-14607852
2837,-15265266
2838,-14937584
2839,-14739439
2840,-14739438
2841,-14673645
2842,-15133679
2843,-15068914
2844,-15067887
2845,-15330802
2846,-15396594
2847,-15331058
2848,-15067887
2849,-15330801
2850,-9481416
2851,-9283532
2852,-9677760
2853,-8427197
2854,-8690629
2855,-8098494
2856,-6846618
2857,-8427461
2858,-7769268
2859,-8427460
2860,-7307172
2861,-7506109
2862,-7177391
2863,-7242674
2864,-7966403
2865,-7966905
2866,-8427204
2867,-6322085
2868,-7243445
2869,-6321833
2870,-6716582
2871,-7572410
2872,-8098227
2873,-9349316
2874,-9875658
2875,-10533068
2876,-10927317
2877,-10007754
2878,-11059410
2879,-11386585
2880,-11781337
2881,-11452118
2882,-11847903
2883,-11651803
2884,-11715290
2885,-11123670
2886,-11517914
2887,-11650012
2888,-12241886
2889,-14280172
2890,-13952237
2891,-14345968
2892,-14346224
2893,-14411503
2894,-14346222
2895,-13754088
2896,-13950697
2897,-13950696
2898,-14608626
2899,-13491174
2900,-14543086
2901,-13951466
2902,-14476783
2903,-14542574
2904,-14411248
2905,-14215154
2906,-14542830
2907,-14410990
2908,-14608367
2909,-14279402
2910,-14279402
2911,-14410473
2912,-14147816
2913,-14542318
2914,-14871024
2915,-14937071
2916,-14936560
2917,-14674412
2918,-14608109
2919,-14805231
2920,-15265265
2921,-15067629
2922,-15265266
2923,-14805485
2924,-15265522
2925,-9744070
2926,-10336718
2927,-9020346
2928,-8559042
2929,-9482693
2930,-8821703
2931,-8822465
2932,-8756160
2933,-7638719
2934,-8557508
2935,-6386084
2936,-7636914
2937,-7703224
2938,-7375556
2939,-6716595
2940,-7175854
2941,-6122134
2942,-6057626
2943,-7045035
2944,-8031672
2945,-8952509
2946,-9017532
2947,-10664650
2948,-9679818
2949,-8031423
2950,-11193566
2951,-10464974
2952,-10993106
2953,-10005453
2954,-10861010
2955,-11123931
2956,-11913180
2957,-10930652
2958,-11715290
2959,-11715292
2960,-11649500
2961,-11979743
2962,-11451352
2963,-13821420
2964,-13492202
2965,-14542832
2966,-14148332
2967,-14608880
2968,-14609137
2969,-14543087
2970,-14214638
2971,-14410990
2972,-14148075
2973,-14083052
2974,-14476524
2975,-14871794
2976,-14608878
2977,-14675188
2978,-14740464
2979,-14543855
2980,-14806260
2981,-14674673
2982,-14344943
2983,-13885673
2984,-14410988
2985,-13884904
2986,-14477033
2987,-14082023
2988,-14607853
2989,-14871535
2990,-14871024
2991,-14542059
2992,-14279400
2993,-14345195
2994,-14213610
2995,-14739439
2996,-15199473
2997,-14937071
2998,-14871024
2999,-14870765
3000,-9481928
3001,-9151689
3002,-10009296
3003,-9413821
3004,-10074829
3005,-8954314
3006,-8494538
3007,-8295873
3008,-9020613
3009,-8559306
3010,-8295876
3011,-7966400
3012,-7310533
3013,-8823498
3014,-10931162
3015,-11064284
3016,-11323095
3017,-11127255
3018,-10074829
3019,-9085375
3020,-8032700
3021,-8098743
3022,-8032956
3023,-10072525
3024,-9742030
3025,-9479119
3026,-8100560
3027,-11255769
3028,-11320283
3029,-11386586
3030,-11519191
3031,-11324641
3032,-10205655
3033,-11452116
3034,-10794715
3035,-12307936
3036,-11781339
3037,-12307679
3038,-13953005
3039,-14345968
3040,-14214639
3041,-13162727
3042,-13491175
3043,-13688041
3044,-13884906
3045,-13753577
3046,-14147818
3047,-14345197
3048,-14476780
3049,-14476783
3050,-13819627
3051,-13819884
3052,-14213868
3053,-15134452
3054,-14674672
3055,-14608365
3056,-14674160
3057,-14674414
3058,-14476778
3059,-14344682
3060,-14608367
3061,-14739692
3062,-14279403
3063,-14410986
3064,-14607852
3065,-14871277
3066,-14739438
3067,-14542061
3068,-14608619
3069,-14016485
3070,-14739438
3071,-14673899
3072,-15133680
3073,-14673901
3074,-14871534
3075,-9151943
3076,-9810124
3077,-9809350
3078,-9150137
3079,-8692928
3080,-8757457
3081,-9219015
3082,-10073548
3083,-8428748
3084,-9216711
3085,-9151685
3086,-10666706
3087,-8823754
3088,-10798554
3089,-7045299
3090,-7966396
3091,-7703991
3092,-7308461
3093,-10861005
3094,-9876428
3095,-8491971
3096,-11389138
3097,-10073548
3098,-10008270
3099,-11321297
3100,-9544903
3101,-11123416
3102,-11517913
3103,-10598619
3104,-11124183
3105,-11782623
3106,-11189463
3107,-11385819
3108,-11847901
3109,-10993625
3110,-11715548
3111,-11715292
3112,-12703718
3113,-13229031
3114,-14279662
3115,-13688554
3116,-13884648
3117,-13753578
3118,-14345454
3119,-14017259
3120,-14083309
3121,-14477294
3122,-13950696
3123,-14280431
3124,-14476783
3125,-13819880
3126,-13950439
3127,-13818598
3128,-14279661
3129,-13623015
3130,-14674670
3131,-14805231
3132,-14804975
3133,-14805485
3134,-14345194
3135,-14345195
3136,-14542061
3137,-14542570
3138,-14082023
3139,-14542572
3140,-14608367
3141,-14871024
3142,-14805231
3143,-14739693
3144,-14936558
3145,-14344939
3146,-14411241
3147,-14608106
3148,-14147812
3149,-14608107
3150,-10008525
3151,-10007498
3152,-9874371
3153,-9282237
3154,-10468304
3155,-9612232
3156,-8953540
3157,-10007755
3158,-9680077
3159,-9481676
3160,-9745102
3161,-9416137
3162,-9085131
3163,-10995157
3164,-10930388
3165,-10996180
3166,-8295361
3167,-8098497
3168,-9546184
3169,-11781078
3170,-9545672
3171,-10337489
3172,-9611218
3173,-9809867
3174,-10927323
3175,-11322327
3176,-9874896
3177,-10597077
3178,-10729680
3179,-11651291
3180,-10599125
3181,-11127514
3182,-9612499
3183,-11452635
3184,-11716572
3185,-11781598
3186,-11781343
3187,-13361131
3188,-13295334
3189,-13556968
3190,-14082025
3191,-13950697
3192,-14017516
3193,-13754088
3194,-14017259
3195,-14148845
3196,-14346222
3197,-14017260
3198,-14148845
3199,-14411501
3200,-14608367
3201,-14608367
3202,-14345707
3203,-14476782
3204,-14674160
3205,-14806257
3206,-14543087
3207,-14739693
3208,-14674160
3209,-14608623
3210,-14674412
3211,-14805485
3212,-15002094
3213,-14739692
3214,-14279400
3215,-14411244
3216,-14740205
3217,-14608368
3218,-14805485
3219,-15002094
3220,-14213094
3221,-14805231
3222,-14805489
3223,-14804971
3224,-14936560
